id_belong,name,id_movie
10194,Toy Story Collection,862
119050,Grumpy Old Men Collection,15602
96871,Father of the Bride Collection,11862
645,James Bond Collection,710
117693,Balto Collection,21032
3167,Ace Ventura Collection,9273
91698,Chili Palmer Collection,8012
9435,Babe Collection,9598
9818,Mortal Kombat Collection,9312
136214,Pocahontas Collection,10530
124935,The Lawnmower Man Collection,11525
43563,Friday Collection,10634
10924,From Dusk Till Dawn Collection,755
256377,The Muppet Collection,10874
91430,The Neverending Story Collection,27793
14890,Bad Boys Collection,9737
120794,Batman Collection,414
439053,Brooklyn Cigar Store Collection,5894
9649,Mexico Trilogy,8068
1570,Die Hard Collection,1572
259398,Teenage Apocalypse Trilogy,13552
9328,Free Willy Collection,9073
286162,Power Rangers Collection,9070
328073,Síť (kolekce),1642
247294,Showgirls Collection,10802
9887,Species Collection,9348
112399,Under Siege Collection,3512
23170,Burnt by the Sun Trilogy,50797
123800,Before... Collection,76
182813,Clerks Collection,2292
96665,Dumb and Dumber Collection,8467
410261,A Goofy Movie Collection,15789
217704,The Vampire Chronicles,628
10,Star Wars Collection,11
48188,Poison Ivy Collection,18220
131,Three Colors Collection,110
144200,Swan Princess Series,22586
53159,The Santa Clause Collection,11395
115142,Tales from the Crypt Collection,9059
115570,Star Trek: The Next Generation Collection,193
192492,The Jack Ryan Collection,9331
9436,The Crow Collection,9495
351684,The Flintstones (Live-Action) Collection,888
94032,The Lion King Collection,8587
8581,A Nightmare on Elm Street Collection,11596
43072,The Mask Collection,854
37139,Naked Gun Collection,36593
43064,Speed Collection,1637
170452,Timecop Collection,8831
261203,Street Fighter,11667
8050,Highlander Collection,8011
11716,Addams Family Collection,2758
85861,Beverly Hills Cop Collection,306
150156,City Slickers Collection,11310
252313,The Endless Summer Collection,24257
134011,The Fugitive / U.S. Marshals Collection,5503
412680,Hard Target Collection,2019
52988,Hot Shots! Collection,9255
328,Jurassic Park Collection,329
8580,The Karate Kid Collection,11231
5547,RoboCop Collection,5550
462565,The Secret Garden Collection,11236
105075,The Shadow Collection,8850
422837,Blade Runner Collection,78
9888,Home Alone Collection,771
86027,Aladdin Collection,812
528,The Terminator Collection,280
9743,The Hannibal Lecter Anthology,274
153010,Beauty and the Beast Collection,10020
98580,Candyman Collection,10824
141086,Heavy Metal Collection,11827
8917,Hellraiser Collection,8766
140910,All Dogs Go to Heaven Collection,19042
87359,Mission: Impossible Collection,954
169452,DragonHeart Collection,8840
36694,Bloodsport Collection,25087
158391,The Apu Collection,5801
144146,Lemmy Caution Collection,8072
52888,The Visitors Collection,11687
23026,Ghost in the Shell Collection,9323
529,Wallace & Gromit Collection,532
116661,The Arrival Collection,10547
424202,Trainspotting Collection,627
304378,Independence Day Collection,602
97456,The Hunchback of Notre Dame Collection,10545
86028,The Nutty Professor Collection,9327
115838,Escape From ... Collection,10061
230,The Godfather Collection,238
269098,Police Story Collection,11134
19163,The Land Before Time Collection,19004
91361,Halloween Collection,10987
4438,The Space Odyssey Series,62
47814,The Thin Man Collection,3529
261590,Living Dead Collection,10331
10709,The Mighty Ducks Collection,10680
90348,Witch Mountain Collection,14821
12087,Herbie Collection,14136
55419,Cinderella Collection,11224
100970,The Fox and the Hound Collection,10948
355490,Freeway Collection,11229
86058,Dirty Dancing Collection,88
86336,Basic Instinct Collection,402
115225,Children of the Corn Collection,25750
937,The Pink Panther (Original) Collection,11843
174218,The Howling Collection,11298
153948,Best of the Best Collection,36555
33071,Cheech & Chong Collection,11455
84,Indiana Jones Collection,85
8091,Alien Collection,679
48317,The Man With No Name Collection,429
1960,Evil Dead Collection,766
119674,Psycho Collection,539
112636,The Blues Brothers Collection,525
359005,The Jake Gittes Collection,829
264,Back to the Future Collection,105
55427,Fantasia Collection,756
173344,Qatsi Collection,11314
397842,The Amityville Horror Collection,41671
218406,Frankenstein (Universal Series),229
257053,Carrie Collection,7340
10919,The Omen Collection,794
498,Heart of Gold Collection,145
307637,Jingle All the Way Collection,9279
105629,Paradise Lost Collection,17204
124916,101 Dalmatians (Live-Action) Collection,11674
151,Star Trek: The Original Series Collection,152
9329,Young Guns Collection,11967
86083,Grease Collection,621
2366,The Jaws Collection,578
2602,Scream Collection,4232
166379,Turbulence Collection,34314
105995,Anaconda Collection,9360
1006,Austin Powers Collection,816
182923,Tetsuo Collection,17991
86055,Men In Black Collection,607
43055,Conan the Barbarian Collection,9387
97445,Air Bud Collection,20737
10721,Mimic Collection,4961
142680,Alex Cross Collection,9437
135489,Wishmaster Collection,10351
3601,I Know What You Did Last Summer Collection,3597
103372,Mr. Bean Collection,1281
10522,Starship Troopers Collection,563
372479,Les Boys,42832
33059,Wild Things Collection,617
221966,The Odd Couple Collection,27472
97771,Major League Collection,9771
87236,Mulan Collection,10674
19387,The X-Files Collection,846
3169,Dr. Dolittle Collection,3050
945,Lethal Weapon Collection,944
155474,French Connection Collection,1051
1575,Rocky Collection,1366
9735,Friday the 13th Collection,4488
10453,Poltergeist Collection,609
12263,The Exorcist Collection,9552
89151,The Gremlins Collection,927
1657,Zorro Collection,9342
294468,Flubber Collection,17984
87250,Bambi Collection,3170
72119,"Honey, I Shrunk the Kids Collection",11158
97459,The Jungle Book Collection,9325
97460,Lady and the Tramp Collection,10340
33085,The Little Mermaid Collection,10144
100693,101 Dalmatians (Animated) Collection,12230
55422,Peter Pan Collection,10693
57971,The Rescuers Collection,11135
248126,Splash Collection,2619
63043,TRON Collection,97
141290,The Lord of the Rings Animated Collection,123
141292,The Secret Of NIMH Collection,11704
102782,House Collection,11415
87805,The Gods Must Be Crazy Collection,8393
735,Blade Collection,36647
432,Cube Collection,431
90863,Rush Hour Collection,2109
52760,Urban Legend,9877
479888,The Thing Collection,1091
348843,Vampires Collection,9945
100286,Elizabeth Collection,4518
374384,Stepford Collection,12223
57129,Rugrats Collection,14444
374509,Godzilla (Showa) Collection,1678
374511,Godzilla (Heisei) Collection,39256
104833,Fletch Collection,9749
9338,Police Academy Collection,9336
5039,Rambo Collection,1369
89264,Romancing the Stone Collection,10303
86307,Cocoon Collection,10328
340623,The Gate Collection,6917
123213,The Fly (1958 series),11815
109609,The Fly Collection,9426
111751,Texas Chainsaw Massacre Collection,30497
9332,Crocodile Dundee Collection,9671
387618,8MM Collection,8224
10789,Pet Sematary Collection,8913
33938,Airport Collection,10671
166698,Westworld Collection,2362
1709,Planet of the Apes Original Collection,871
110127,Analyze Collection,9535
52789,Cruel Intentions Collection,796
2344,The Matrix Collection,603
1733,The Mummy Collection,564
221544,The Mummy (Universal Series),15849
138965,The Mummy (Hammer Series),18990
8537,Superman Collection,1924
221539,Dracula (Universal Series),138
259027,The Wolf Man (Universal Series),3076
123720,Frankenstein (Hammer Series),3079
87228,Swamp Thing Collection,17918
106768,Tarzan (Animation) Collection,37135
2806,American Pie Collection,2105
104068,Tales of the Four Seasons,10239
64750,Blair Witch Collection,2667
2980,Ghostbusters Collection,620
237445,Inspector Gadget Collection,332
185682,The Adventures of Antoine Doinel,147
135502,Allan Quatermain Collection,9710
91663,Airplane Collection,813
180854,Problem Child Collection,11077
201873,A Christmas Story Collection,850
10713,Universal Soldier Collection,10366
98168,Fright Night Collection,11797
146136,Armour of God Collection,10975
47770,Phantasm Collection,9638
12203,Drunken Master Collection,11230
124492,The Dirty Dozen Collection,1654
59586,The Blue Lagoon collection,5689
89188,Harry Palmer Collection,15247
391047,On Any Sunday Collection,29251
248339,House on Haunted Hill Collection,11377
98036,Re-Animator Collection,18111
107725,Creepshow Collection,16281
34055,Pokémon Collection,10228
95664,Deuce Bigalow Collection,10402
99727,Stuart Little Collection,10137
421904,Batman (DC Universe Animated) Collection,14919
103573,Sister Act Collection,2005
87186,The Boondock Saints Collection,8374
2794,The Chronicles of Riddick Collection,2787
103577,The Whole Nine/Ten Yards Collection,2069
93568,Cross of Iron Collection,10839
124950,American Graffiti Collection,838
8864,Final Destination Collection,9532
14377,Death Wish Collection,13939
1582,Teenage Mutant Ninja Turtles (Original) Collection,1498
366826,Navarone Collection,17339
170754,Arthur Collection,13665
466318,Bachelor Party Collection,12309
399,Predator Collection,106
86105,American Psycho Collection,1359
159616,East is East Collection,10557
104847,Caddyshack Collection,11977
256484,Carnosaur Collection,39283
127280,The Three Mothers Collection,16395
246839,Center Stage Collection,10560
96679,Road Trip Collection,9285
59567,Shanghai Noon Collection,8584
107949,Puppet Master Collection,26953
157671,The Decline of Western Civilization Collection,21137
10456,Dirty Harry Collection,10648
174245,Alien Nation Collection,10128
8945,Mad Max Collection,9659
121195,9½ Weeks Collection,10068
207447,Firestarter Collection,11495
495,Shaft Collection,482
171439,F/X Collection,9873
46512,Missing in Action Collection,15379
4246,Scary Movie Collection,4247
748,X-Men Collection,36657
166376,Hollow Man Collection,9383
123249,"Ilsa, She Wolf of the SS Collection",20850
223564,The Cell Collection,8843
374512,Godzilla (Millennium) Collection,10643
25410,The Art of War Collection,11398
430186,Bring It On Collection,1588
221537,Creature From The Black Lagoon (Universal Series),10973
259401,The Invisible Man (Universal Series),10787
138971,The Slumber Party Massacre Collection,27475
138974,The Sorority House Massacre Collection,40760
39244,Digimon Collection,20455
51509,Meet the Parents Collection,1597
44913,Ghoulies Collection,18498
290973,"Crouching Tiger, Hidden Dragon Collection",146
106498,Dungeons & Dragons Collection,11849
52783,Wall Street Collection,10673
93220,Miss Congeniality Collection,1493
115822,Dracula 2000 Collection,10577
330555,Ernest Collection,18935
109076,Lost Boys Collection,1547
124951,Mannequin Collection,10019
109082,Left Behind Collection,37302
421084,Disneys Große Pause,19405
116847,Dr. Phibes Collection,17965
86486,Spy Kids Collection,10054
8936,Bridget Jones Collection,634
353325,Joe Dirt Collection,10956
2150,Shrek Collection,808
441439,Alienation Trilogy,41050
110021,The Magnificent Seven Collection,966
100965,Atlantis Collection,10865
2467,Tomb Raider Collection,1995
9485,The Fast and the Furious Collection,9799
3963,The Crimson Rivers Collection,60670
87014,Cats & Dogs Collection,10992
421566,Totò Collection,24382
101688,Cannonball Run Collection,11286
140760,Final Fantasy Collection,2114
86024,Legally Blonde Collection,8835
10893,Critters Collection,3980
182617,Elvira Collection,5680
101471,Return of the Living Dead Collection,24929
86347,Short Circuit Collection,11966
91945,American Ninja Collection,12500
98853,Cyborg Collection,10134
88735,K-9 Collection,10345
87536,Warlock Collection,11342
104716,Basket Case Collection,27813
107674,The Princess Diaries Collection,9880
168182,Philo & Clyde Collection,17169
94899,Jeepers Creepers Collection,8922
352789,Zoolander Collection,9398
166378,Joy Ride Collection,10866
41649,The Party Collection,166
178106,Darko Collection,141
137696,"Monsters, Inc. Collection",585
1241,Harry Potter Collection,671
106000,Beastmaster Collection,16441
284024,The Exterminator Collection,37835
211753,Caprona Collection,26398
98513,Behind Enemy Lines Collection,8007
119,The Lord of the Rings Collection,120
476056,Fritz the Cat Collection,12593
93295,48 Hrs. Collection,11595
449462,Super Troopers Collection,39939
124879,State Property Collection,25006
122952,Vampire Hunter D Collection,15999
19160,FernGully Collection,13225
133923,Zombi Collection,7219
108669,Get Smart Collection,26200
8354,Ice Age Collection,425
17255,Resident Evil Collection,1576
456980,The Paleface Collection,17804
135441,Road to Collection,31805
87220,Smokey and the Bandit Collection,12705
112537,Sällskapsresorna,16026
43220,National Lampoon’s Van Wilder Collection,11452
261526,Slap Shot Collection,11590
389767,My Big Fat Greek Wedding Collection,8346
107688,3 Men Collection,12154
556,Spider-Man Collection,557
178654,White Fang Collection,12227
31562,The Bourne Collection,2501
86860,Scooby-Doo Collection,9637
97461,Lilo & Stitch Collection,11544
113635,The Modesty Blaise Collection,36645
52785,xXx Collection,7451
117777,Undisputed Collection,15070
176097,Barbershop Collection,10611
9518,The Transporter Collection,4108
267922,The Hills Have Eyes (Original) Collection,18477
277739,"Heaven, Hell and Purgatory Collection",10575
123724,Dracula (Hammer Series),11868
386818,Django - Original films,10772
14563,The Ring Collection,565
373538,Enter the Ninja Collection,17205
295862,The BRD Collection,2264
17178,Jackass Collection,9012
43063,Half Past Dead Collection,10167
374386,Anglo-Zulu War Collection,14433
63170,Jönsson Gang,35343
227147,Tokyo Decadence series,15802
10517,Le Gendarme de St. Tropez Collection,11915
137766,Zapped Collection,23943
405393,The Black Stallion Collection,24883
354210,Born Free Trilogy,15347
93369,Ringu Collection,2671
261057,I Am Curious Collection,42695
105625,House of 1000 Corpses Collection,2662
228887,Daddy Day Camp Collection,10708
239766,The Klapisch Trilogy,1555
124949,Almighty Collection,310
137697,Finding Nemo Collection,12
52985,Wrong Turn Collection,9902
1565,28 Days/Weeks Later Collection,170
295,Pirates of the Caribbean Collection,22
86117,Johnny English Collection,9486
221111,S.W.A.T. Collection,9257
91427,Agent Cody Banks Collection,10923
91799,Tremors Collection,9362
7505,Elements Trilogy,7504
330892,Sides of the Bed,2722
201576,The Cabin Fever Collection,11547
10457,Once Upon a Time in China Collection,10617
2326,Underworld Collection,277
409138,Yossi Collection,17614
201778,Dorm Daze Collection,18113
168880,Beethoven Collection,11806
11794,Ginger Snaps Collection,9871
2883,Kill Bill Collection,24
425175,Texas Chainsaw (Reboot) Collection,9373
96472,Brother Bear Collection,10009
264335,The Eye Collection,10389
478628,Sherlock Holmes (1939 series),27117
423173,Bad Santa Collection,10147
45154,Darkman Collection,9556
151263,WarGames Collection,860
397444,Kindergarten Cop Collection,951
16302,Battle Royale Collection,3176
43066,Teen Wolf Collection,11824
19285,Leprechaun Collection (Original Series),11811
144689,Honey Collection,10028
114783,Cheaper by the Dozen Collection,11007
245129,Pumping Iron Collection,5205
52749,The Butterfly Effect Collection,1954
201930,Blacula Collection,30566
17235,Hellboy Collection,1487
299748,Walking Tall Collection,11358
109608,Van Helsing Collection,7131
404111,100 Girls Collection,10035
10441,Babylon 5 Collection,10940
126166,The Delta Force Collection,16113
272673,Cat People Collection,25508
159340,Bang Rajan Collection,39907
14246,Sniper Collection,9545
478442,Lammbock Collection,1583
122945,The Legend Collection,17653
123740,Vampire Karnstein (Hammer series),31952
286935,Silence of God Trilogy by Ingmar Bergman,11506
185667,The Complete Monterey Pop Festival,42632
58588,Infernal Affairs Collection,10775
349889,Robot Jox Collection,15618
434533,Death Race Original Collection,13282
95891,In China They Eat Dogs Collection,250
289288,Per Fly trilogien (Samling),15824
11140,Dr. Mabuse Collection,19128
145901,Lupin the Third Collection,15371
86115,Garfield Collection,8920
85473,The Human Condition,31217
476054,The Hitcher (1986) Collection,9542
145784,The Philadelphia Experiment - Collezione,10606
211721,Taxi Collection,2330
93791,Anchorman Collection,8699
437451,Cinderella Story Collection,11247
306882,Thunderbirds (Animation) Collection,35780
30663,Harold & Kumar Collection,11282
115762,AVP Collection,395
146534,Without a Paddle Collection,10762
136218,Night of the Demons Collection,24924
1974,The Grudge Collection,1970
656,Saw Collection,176
468222,The Incredibles Collection,9806
52984,National Treasure Collection,2059
275402,SpongeBob Collection,11836
438087,Topper Collection,23101
426985,Ivan The Terrible Collection,9797
102452,Samurai Collection,31372
94039,Asterix and Obelix (Animation) Collection,11047
161766,Gamera Films,70327
212525,Trinità  Collection,9394
308465,The Emigrants Collection,40732
105764,The Tall Blond Man Collection,12089
102128,Lone Wolf and Cub Collection,41471
409026,Nobody Collection,9474
157504,Walking Tall Original Collection,25473
39438,Emmanuelle Collection,24402
391040,Gone in 60 Seconds Trilogy,16246
405256,Dolemite Collection,19174
188458,Trilogy of Terror Collection,38783
52835,French Fried Vacation,33701
133830,Star Wars: The Ewok Adventures Collection,1884
256296,"Silent Night, Deadly Night Collection",27414
284111,Barbarian Queen Collection,29903
74083,Flodder Collection,10570
99635,A Better Tomorrow Collection,11471
160468,The Frogtown Collection,22572
9046,A Chinese Ghost Story Collection,30421
98435,Patlabor Collection,14571
476066,Begotten Collection,1483
361140,House of Angels Collection,34683
151861,Lonesome Dove Collection,47350
192167,The Bride with White Hair Collection,18817
278467,Trilogía de la violencia de Michael Haneke,32764
309259,Naked Collection,26877
190435,Street Fighter Collection,12613
137913,The Hunters Collection,16003
203910,Pusher Collection,2061
142717,The Cremaster Cycle,36702
108043,Hamilton Collection,17629
2248,Torrente Collection,1283
344936,Unna Trilogie,344
96850,Evangelion Collection,18491
338416,Kirikou,21348
107462,Osobennosti Natsionalnoy ... - Collection,20882
164394,If These Walls Could Talk Collection,28031
103190,The Female Prisoner Series,71138
2396,Asterix and Obelix Collection,2899
473850,My Sassy Girl Collection,11178
118657,Annika Bengtzon Collection,100973
4563,The Vengeance Collection,4689
308645,The Foreigner Collection,18248
279836,Herr Lehmann Filmreihe,4326
1972,Ju-on Collection,32250
126580,One Missed Call Collection,9694
53154,Inuyasha Collection,22537
94589,Ong Bak Collection,9316
306063,Saints and Soldiers Collection,10105
86113,Open Water Collection,83
107461,Bummer Collection,62276
101246,Azumi Collection,5889
476065,What the Bleep! Collection,8357
102777,White Noise Collection,11804
251858,Brancaleone Collection,23832
87800,Appleseed Collection,11633
11875,Pippi Longstocking,12127
176118,The Are We Collection,11637
149704,Alone in the Dark Collection,12142
96937,The Boogeyman Collection,8968
3106,World of Watches Collection,3040
135179,Sin City Collection,187
167691,Trilogy of Life,47406
96887,Zatôichi: The Blind Swordsman,24444
14740,Madagascar Collection,953
17368,The Sisterhood of the Traveling Pants Collection,9779
263,The Dark Knight Collection,272
150954,My Friends Collection,20914
9744,Fantastic Four Collection,9738
332357,The Dukes Of Hazzard Collection,6519
220448,Mr. Wong Collection,22965
152544,Green Street Hooligans Collection,8923
174386,Into the Blue Collection,11968
110177,Goal! Collection,9763
298820,American Pie (Spin-off) Collection,8274
65249,Tarzan (Johnny Weissmuller series),26845
285564,Jarhead Collection,25
268098,Wolf Creek Collection,9885
87258,The Descent Collection,9392
420,The Chronicles of Narnia Collection,411
117952,The Dentist Collection,9568
107471,Yamakasi - Collection,6935
85946,District 13 Collection,10045
97307,BloodRayne Collection,168705
86578,Hostel Collection,1690
87255,Hoodwinked! Collection,10982
35792,Nanny McPhee Collection,11283
130440,The Pink Panther (Steve Martin) Collection,12096
55428,Curious George Collection,9975
124188,Pulse Collection,9682
286904,Ultimate Avengers Collection,14609
8918,The Hills Have Eyes (Reboot) Collection,9792
64748,Silent Hill Collection,588
251970,The Protector Collection,8982
115776,Robert Langdon Collection,591
87118,Cars Collection,920
87253,High School Musical Collection,10947
351721,The Sheriff and the Satellite Kid Collection,10770
246091,Krrish Collection,32740
85943,Night at the Museum Collection,1593
64751,Crank Collection,1948
86092,Step Up Collection,9762
156240,The Heroic Trio Collection,58311
44917,Swordsman Collection,18672
66761,Open Season Collection,7484
166373,The Marine Collection,8975
266846,Corto Maltese,43071
92012,Happy Feet Collection,9836
91588,OSS 117 Collection,15152
123717,She Collection,17604
102008,Another Gay Movie Collection,12795
85817,Arthur and the Invisibles Collection,9992
11582,Don Camillo Collection,11578
164395,The Messengers Collection,9966
376970,Cocaine Cowboys,14761
101385,Trailer Park Boys Collection,9958
90306,Ghost Rider Collection,1250
159603,Kidulthood Collection,13185
108125,The 36th Chamber of Shaolin Collection,11841
187089,Emil i Lönneberga,11945
125570,300 Collection,1271
86112,Vacancy Collection,10294
254636,Maniac Cop Collection,14240
85890,The Librarian Collection,14208
325798,Star Crash Collection,22049
339577,Grindhouse Collection,1991
8650,Transformers Collection,1858
86797,Arn collection,13491
369380,If I Were You Collection,34588
2704,The Bible Collection,2701
442352,Brice Collection,17350
126209,Halloween (Rob Zombie Series) Collection,2082
138908,2 Days In... Collection,1845
45355,Kevin Smith: Silent Bob Speaks!,14348
91660,30 Days of Night Collection,4513
119581,Elite Squad Collection,7347
390096,Hitman Collection,1620
167613,Alvin and the Chipmunks Collection,6477
13800,Futurama Collection,7249
264339,The Hamiltons Collection,15495
215456,Keinohrhasen Filmreihe,6076
91697,Battlestar Galactica (Reboot) Collection,69315
74508,[REC] Collection,8329
122922,In the Name of the King Collection,2312
124901,Hatchet Collection,11908
286177,Footsoldier Collection,13054
96676,Never Back Down Collection,8456
124881,Street Kings Collection,1266
108804,Outpost Collection,9017
131292,Iron Man Collection,1726
135483,Taken Collection,8681
44215,Stargate SG-1 Collection,13001
50457,Sex and the City Collection,4564
77816,Kung Fu Panda Collection,9502
25542,An American Girl Collection,8359
363015,Frosty the Snowman Collection,13675
76291,Simon Brenner Collection,9010
72547,Journey Collection,88751
102019,Death Note Collection,16007
118828,Space Chimps Collection,11802
108502,The Discworld Collection,13541
96677,Red Cliff Collection,12289
86116,Death Race Collection,10483
105324,Mirrors Collection,13515
266731,Cat Stevens y Hutch Bessy Trilogy,11874
141615,Niko - Coleccion,25741
123932,Quarantine Collection,13812
476063,Guinea Pig Collection,36073
192174,Crows Collection,14943
148055,Camp Rock Collection,13655
87256,Beverly Hills Chihuahua Collection,14405
33514,The Twilight Collection,8966
280562,The Guyver Collection,15026
86774,Che Collection,8881
230532,Marley & Me Collection,14306
59235,Jesse Stone Collection,31047
70068,Ip Man Collection,14756
251383,The Gamers Collection,26235
85945,The Mesrine Collection,13635
195646,Galaxy Express 999 Collection,15227
328372,Mall Cop Collection,14560
96661,Afro Samurai Collection,14711
169740,The Haunting in Connecticut Collection,18781
24761,The Millennium Collection,15472
110041,Naked Fear Collection,30155
286006,Rest Stop Collection,9841
265782,The Desert Collection,45882
453993,The Wolverine Collection,2080
115575,Star Trek: Alternate Reality Collection,13475
10964,Flatfoot Collection,11160
240156,Sami Swoi Collection,8211
86119,The Hangover Collection,18785
286038,Dead Snow Collection,14451
75014,How I Unleashed World War II,75015
26863,Caprinos Eventyrlige Verden,18901
165369,The Collector Collection,21407
135468,G.I. Joe (Live-Action) Collection,14869
221622,12 Rounds Collection,17134
210303,Rebuild of Evangelion,15137
190135,Love Hina Collection,37047
109044,Shadow Warriors,92011
37261,The Carry On Collection,5060
141448,Fuga de cerebros - Collection,18120
158643,Laid to Rest Collection,17618
177467,Cloudy with a Chance of Meatballs Collection,22794
41437,Paranormal Activity Collection,23827
378025,Die Fritz Lang Indien-Edition,71041
87096,Avatar Collection,19995
102322,Sherlock Holmes Collection,10528
209739,MacGyver (TV Movies) Collection,81895
244242,Ninja Collection,25602
242587,Rudolph the Red-Nosed Reindeer Collection,13382
38451,Charlie Chan (Warner Oland) Collection,33395
454520,Captain Harlock Collection,42137
179919,Percy Jackson Collection,32657
222634,Tooth Fairy Collection,23023
261307,Alice in Wonderland Collection,12155
86668,Elektra Luxx Collection,31723
379920,Deadly Prey Collection,5753
380006,Mondo Cane Collection,32688
46082,Ma and Pa Kettle Collection,42342
313576,Hot Tub Time Machine Collection,23048
89137,How to Train Your Dragon Collection,10191
458017,Tom and Jerry Collection,22582
86780,Clash of the Titans Collection,18823
179892,Kick-Ass Collection,23483
97156,Varg Veum Collection,16686
86110,Diary of a Wimpy Kid Collection,33217
96671,The Human Centipede Collection,37169
12141,3 Men (Original) Collection,4180
435347,男はつらいよ シリーズ,125271
33878,Destricted,208478
86066,Despicable Me Collection,20352
180546,Grown Ups Collection,38365
303872,Little Nicholas Collection,31203
126125,The Expendables Collection,27578
104830,Piranha 3D Collection,43593
294172,Tekken Collection,42194
425164,Dragon Ball Z (Movie) Collection,28609
177675,The Last Exorcism Collection,38358
210006,Machete Collection,23631
360342,Tarzan (Lex Barker series),206145
278920,Vampires Suck Collection,40264
220872,Men in the City Collection,28938
290933,Superman / Batman (Animated) Collection,45162
89959,Mr. Moto Collection,59581
306926,Monsters Collection,43933
295777,Korengal Valley Documentaries,39312
163902,RED Collection,39514
11118,The Olsen Gang Collection,11389
463959,Tangled Collection,38757
412736,Rare Exports Collection,48395
201548,The One-Armed Swordsman Collection,54178
461937,"Sarah, Plain and Tall Collection",15740
188202,"Pane, amore e… - Collezione",56402
385528,Outrage Collection,45284
219691,I Spit on Your Grave Collection,43947
280504,Mechanic Collection,27582
228446,Insidious Collection,49018
473983,Hababam Sınıfı Collection,83651
124426,New Kids Collection,46523
154002,Easy Money Collection,29920
229932,Rio Collection,46195
131296,Thor Collection,10195
166381,Atlas Shrugged Collection,56780
150967,Benvenuti al... Collection,48415
146532,The Storm Riders Collection,32654
281097,Philo Vance Collection,61546
280588,Horrible Bosses Collection,51540
131295,Captain America Collection,1771
134897,The Smurfs (Theatrical) Collection,41513
241729,Alpha and Omega Collection,12819
433061,Fred Collection,45839
173710,Planet of the Apes (Reboot) Collection,61791
99321,Gantz Collection,56832
230161,Fright Night (Reboot) Collection,58151
86553,Cold Prey Collection,21786
473843,Stake Land Collection,52015
225961,Birdemic Collection,40016
260601,The Worricker Collection,73358
279959,The Inbetweeners Collection,69798
386549,"Fat, Sick & Nearly Dead",72914
86311,The Avengers Collection,24428
165131,Dreileben,94336
129748,The Gruffalo Collection,28118
394204,The Snowman Collection,13396
370374,Sharktopus Collection,46020
131635,The Hunger Games Collection,70160
104202,Mr. Bones Collection,30245
91657,Disney Buddies Collection,24833
294187,Born To Race Collection,74523
288491,Dolphin Tale Collection,62837
107465,Six Degrees of Celebration Collection,57809
135466,Grave Encounters Collection,50698
222639,Detective Dee Collection,48492
315560,The Woman in Black Collection,65086
215452,Kokowääh Filmreihe,53174
294226,The Dead Collection,74471
212562,Jump Street Collection,64688
393126,Letters to Santa Collection,79221
114431,The Incredible Hulk (TV Movie) Collection,26881
257960,The Raid Collection,94329
84785,La trilogie de la mort – Nacho Cerda,36228
142015,Housefull Collection,85052
306937,Best Exotic Marigold Hotel Collection,74534
86414,Boston Blackie Series,86416
239430,Think Like a Man Collection,67660
141649,Three Steps Above Heaven Collection,61979
70764,Largo Winch Collection,14400
393379,The Huntsman Collection,58595
135416,Prometheus Collection,70981
292068,The Pact Collection,111440
386410,Dragon Ball Collection,39144
266672,Ted Collection,72105
328247,Magic Mike Collection,77930
125574,The Amazing Spider-Man Collection,1930
198697,Immaturi Collection,56909
425189,Dragon Ball Z OVA Collection,39323
187734,La Classe Américaine & Cie,16130
306031,Pitch Perfect Collection,114150
48655,Deathstalker Collection,15895
207621,V/H/S Collection,84348
23497,Bleach (Collection),17165
467577,Evil Bong Collection,10089
357173,Sinister Collection,82507
185103,Hotel Transylvania Collection,76492
48194,Ator Collection,40075
244500,Gangs of Wasseypur Collection,117691
404825,Wreck-It Ralph Collection,82690
334356,The Man with the Iron Fists Collection,97430
248534,Batman: The Dark Knight Returns Collection,123025
261286,Bad Ass Collection,94380
93287,Seventh Company Collection,93289
300431,Lucky Stars Collection,25539
184977,Shaolin Temple Collection,10275
121938,The Hobbit Collection,49051
260586,Le Cœur des Hommes,19099
403374,Jack Reacher Collection,75780
391739,Cirque du Soleil Collection,94352
206559,StreetDance Collection,41592
247028,Rurouni Kenshin Live-Action Collection,127533
133891,Confessions Collection,33303
19262,Trapped in the Closet,100450
251937,A Haunted House Collection,139038
415931,The Bowery Boys,97353
91813,Angelique Collection,44450
133352,Resident Evil: Biohazard,13648
135014,Åsa-Nisse Collection,56991
456576,Journey to the West Collection,170657
205145,Gor Collection,31131
386534,... Has Fallen Collection,117263
44724,Don Collection,17501
286936,Cyborg 009 Collection,127544
256287,Justice League (Animated) Collection,76589
456,Sissi Collection,458
197476,Captain America 1979 Classic Collection,197467
382685,Now You See Me Collection,75656
209131,Man of Steel Collection,49521
256322,The Purge Collection,158015
363369,Pacific Rim Collection,68726
386162,LEGO DC Comics Super Heroes Collection,177271
286023,Sharknado Collection,205321
313086,The Conjuring Collection,138843
343297,My Little Pony: Equestria Girls Collection,201676
270252,Planes Collection,151960
259256,Race Collection,19658
23456,One Piece Collection,41498
386382,Frozen Collection,109445
23453,Tengen Toppa Gurren Lagann Collection,20986
340633,Eberhofer Krimi Collection,209232
344555,"F*ck You, Goethe Collection",233063
393744,Горько! (Коллекция),229974
113589,The Hire,38189
376650,Ride Along Collection,168530
283579,Divergent Collection,157350
293981,Flowers in the Attic Collection,236399
408196,Teen Beach Collection,177888
325470,The Lego Movie Collection,137106
258664,Nymphomaniac Collection,249397
59007,Bionicle Collection,19325
319850,Department Q series,196024
160792,Prudence et Bélisaire Beresford Collection,31329
334996,Son of Batman Collection,251519
400700,Neighbors Collection,195589
284433,Guardians of the Galaxy Collection,118340
401562,Teenage Mutant Ninja Turtles (Remake) Collection,98566
347469,Antboy Collection,198436
402457,The Durango Kid,292893
109079,Saint Seiya Collection,287590
295130,The Maze Runner Collection,198663
402074,Annabelle Collection,250546
404609,John Wick Collection,245891
446782,The Disappearance Of Eleanor Rigby,157829
206449,Jungledyret Hugo Collection,16049
426103,Ouija Collection,242512
473185,Dead in Tombstone Collection,151933
404136,Hopalong Cassidy films,51649
315595,Tinker Bell Collection,75258
33381,The Whistler collection,28668
313234,Warriors of the Rainbow: The Seediq Bale Saga,98344
331841,Babysitting,262551
98462,Fu Manchu Collection,30972
9500,Werner Collection,9742
132877,Painted Skin Collection,17808
17149,20th Century Boys Collection,36683
417064,If You Are the One (Collection),18232
392206,The Monkey King Collection,119892
389544,Les Tuche,66129
330524,Six Swedes Collection,99361
153636,Flower and Snake Collection,118751
188138,Il Maresciallo Giraldi Collection,61925
391860,Kingsman Collection,207703
24717,Johan Falk GSI Collection,24023
205029,The Reef Collection,132601
464784,The Water of the Hills,65703
180019,V: The Collection,101660
98180,Jungle Jim Collection,149957
9309,Winnetou Collection,3686
175763,TekWar Collection,113210
469648,Santas Paw,48844
422834,Ant-Man Collection,102899
448150,Deadpool Collection,293660
2643,Aces Go Places Collection,2648
379897,Hayride Collection,193603
435108,Whistling Collection,90460
374930,Snow Queen Collection,164372
360344,Tarzan (Gordon Scott series),43205
223926,"Impy, the small dinosaur Collection",26497
188133,Les Charlots - Saga,61852
376527,Richard the Lionheart Collection,188357
452146,Old Way Collection,309049
277798,Isi/Disi Collection,48635
344830,Fifty Shades Collection,216015
87252,Halloweentown Collection,27850
122778,Wodehouse P.G. Collection,82237
297501,Dixie Zombi - Colección,89247
479549,Joséphine - Saga,199661
103001,Fantomas Collection,1871
279244,Family Guy Presents Collection,278468
181502,Screwballs Collection,25164
445118,Mark Collection,106622
147207,Glass Tiger collection,22974
47629,Mr. Boogedy Collection,47631
441179,Chaar Sahibzaade Collection,303457
353792,Garage Sale Mystery Collection,221791
139394,Tomie Collection,85349
352020,ДухLess (Коллекция),132759
196753,Ghost in the Shell: Arise,196750
122661,Mardock Scramble Collection,73530
148065,Doraemon Collection,265712
141252,Cardcaptor Sakura Collection,31347
304025,Gwendolyn Shepherd Collection,175774
115840,Would I Lie to You? Collection,39385
118415,Berserk: Golden Age Arc,118412
23240,The Garden of Sinners,23155
167552,Lemon Popsicle Collection,10580
68589,The Wixxer Trilogy,1269
9088,The Little Polar Bear Collection,204712
94050,Lucky Luke (Animation) Collection,50166
1617,Erkan & Stefan Filmreihe,1615
165855,Kleines Arschloch Collection,9497
215606,Seven Dwarfs Collection,10036
133297,Ants in the Pants Collection,9572
407273,Dead Rising Collection,293771
122776,Kvartet I Collection,35428
442338,"Rico, Oskar 1, 2 & 3",274415
473847,The War of Flower Collection,290865
272416,Lauras Stern,12697
315609,Mörderischer Norden,290043
356688,Batman Unlimited Collection,327418
227140,Black Emanuelle Collection,40348
422361,Barbie A Mermaid Tale Collection,34134
20970,Sarkar Collection,14394
256953,The Comics Collection,43646
188197,Cetto La Qualunque - Collezione,161545
456778,Max (Collection),272878
435259,Fantastic Beasts Collection,259316
443996,Ghost in the Shell: Stand Alone Complex,18839
363092,Mythica Collection,321068
298778,1920 Collection,19951
21624,Golmaal Collection,19670
213697,Sex is Zero Collection,16318
446015,Golgo 13 Collection,17922
438282,Cross Collection,64325
436483,Bad Kids Collection,138372
148614,Kim Possible Collection,51786
179042,Anja & Viktor Collection,23289
93788,Prep & Landing Collection,26809
23616,Naruto Collection,118406
106784,Love in the City Collection,24686
449530,Mystery Woman,207454
298187,Lezioni di Cioccolato Collection,22182
473502,NASU Collection,60843
350309,Bahubali Collection,256040
439596,Lavalantula Collection,294562
41658,Fantozzi Collection,41669
224026,Monster High Collection,192911
143302,Mobile Suit Gundam Collection,39229
192974,White Crane Chronicles,25423
258506,Short Peace,252520
464125,Dragon Nest Collection,257932
212166,Puella Magi Madoka Magica: The Movie,152042
370411,Attack on Titan Collection,295830
263101,Sailor Moon Collection,30575
427397,The Angrez Collection,115873
114488,Moskva-Kassiopeya Collection,20947
134635,Santa Baby Collection,26847
390774,The Krays Collection,356216
295274,The Crossing Collection,264264
134633,Snow Collection,51836
263106,Twitches Collection,46169
437608,Papa ou Maman Collection,319341
47630,The Falcon Series,43551
330075,Little Witch Academia Collection,182131
147669,Das Sams Collection,10645
468552,Wonder Woman Collection,297762
386491,The Adventures of Mickey Matson Collection,191975
437439,Phobia Collection,39111
404302,Cold War Collection,137409
185627,Umizaru Collection,162006
334414,Ostwind Filmreihe,233639
471435,Wolf Warriors Collection,335462
334486,Detective K Collection,64931
416491,Major Korenev Trilogy,41955
120447,Naval Cadets Collection,63536
120417,The Elusive Revengers Collection,41979
195071,Adventures of Mowgli,59803
115164,Hornblower Collection,19493
128123,Dark Rising Collection,79722
131989,Recep İvedik Serisi,31060
295852,Extralarge Collection,213755
400412,Northpole,299579
315944,Wallander (Rolf Lassgård),267048
385386,Parasyte Collection,282069
154752,Legend of the Galactic Heroes Collection,154738
98448,Thou Shalt Laugh Collection,98440
140059,We Were Here,140054
385863,F.C. De Kampioenen Collectie,201386
245321,K3 Collectie,35639
183680,OSS 117 The Original Saga,111480
382402,Assassination Classroom Collection,349176
216435,All for ...,72054
444485,Death Note Relight,68555
219363,Prostokvashino Collection,77294
377491,Les Profs,182219
153629,Flower & Snake Collection,41472
401655,Welcome Collection,20294
228335,Rakht Charitra,49028
100415,Thumbs! Collection,14962
427113,Little Bear,33371
256548,Father of Four Collection,19812
401261,Hate Story Collection,361131
265709,00 Schneider Filmreihe,1652
232403,Otto Collection,9657
97462,Macross Frontier Collection,60964
117354,Shin Chan Collection,89458
474013,Kolpaçino Serisi,50025
122489,Billa Collection,23767
188577,Tognazzi & Vianello Collection,113332
199141,Tenchi Muyô Collection,34194
182371,Armitage III Collection,21769
145553,Slayers - Movie Collection,125513
207415,Fatal Fury Collection,28697
201689,Karas The Collection,25843
134063,Animation Runner Kuromi (OAV collection),87636
452942,Megazone 23 Collection,155017
166018,M.D. Geist Collection,71449
139450,Memories Collection,30
473840,Little Forest Collection,336026
284346,Nana Collection,35752
214702,Mi Nismo Anđeli Collection,33604
401119,Flower Shop Mystery Collection,374739
293196,Big Man Collection,259634
342577,Till Luck Do Us Part Collection,154441
39199,Detective Conan Collection,21452
245326,The Fjällbacka Murders,229007
106368,Quando le donne avevano la coda,64961
374202,Kizumonogatari,357786
198987,Winnie-the-Pooh (Russian),36161
238448,Les Ripoux - Trilogie,22240
160952,Caméra Café,18825
424842,Maigret (Rowan Atkinson) Collection,389396
418326,"Signed, Sealed, Delivered",355730
364342,Gourmet Detective Collection,414767
258372,Ivan Tsarevich & the Grey Wolf Collection,83865
122123,Three Heroes Collection,33065
158814,Karlson Collection,77304
429826,The Hobgoblin Collection,31245
474015,Mandıra Filozofu Serisi,297298
466388,Düğün Dernek Collection,371153
273099,Olsen Banden (Samling),207323
180498,Krummerne (Samling),53693
114374,Fist of the North Star: The Legends of the True Savior,109080
403161,Miles Jupp Standup Collection,376599
129407,John Pinette Collection,40120
473845,Midnight Diner Collection,309028
474022,Şevkat Yerimdar Serisi,278475
197065,DMB Collection,64266
106011,Shadow Boxing Collection,56372
288882,Bloodfight,41289
473977,Çalgı Çengi Collection,64468
131992,Eyyvah Eyvah Collection,48763
440769,Minions: 3 Mini-Movie Collection,366143
162782,Mommies Collection,99247
106790,Hooked Collection,37851
107478,Lovey-Dovey Collection,62732
170416,God of Gamblers Collection,16269
478947,Psy Collection,18575
122780,Параграф 78 - Дилогия,53086
403603,La Tour Infernale,15449
349336,Macskafogó gyűjtemény,60800
304809,Schoolgirl Report Collection,36888
285428,The Cutlass Collection,77051
267551,Aniskin Collection,129830
284700,Ivan Brovkin Collection,150010
474012,Kocan Kadar Konuş Serisi,332788
400500,Чебурашка и крокодил Гена,79701
148603,Ducobu Collection,68637
152918,Mister Blot Collection,78359
200641,Red Lotus Collection,182030
